{
    "model_type": "Random Forest",
    "features": [
        "temperature",
        "hour",
        "weekday",
        "month",
        "is_weekend",
        "season"
    ],
    "test_metrics": {
        "mae": 0.0453978596097763,
        "r2": 0.8888616277329257
    },
    "feature_importance": {
        "temperature": 0.6121999624181304,
        "hour": 0.2540213827119532,
        "weekday": 0.07235335797050527,
        "month": 0.0281032336245292,
        "is_weekend": 0.01914734096144482,
        "season": 0.014174722313437447
    }
}